Transaction_ID,User_ID,Payment_Date,Amount,Payment_Mode,Country
T00001,U0020,2023-02-21,199,UPI,South Korea
T00002,U0357,2023-08-24,199,UPI,France
T00003,U0041,2023-12-04,799,UPI,South Korea
T00004,U0768,2023-08-13,199,UPI,Spain
T00005,U0472,2023-07-16,499,PayPal,UK
T00006,U0035,2023-10-22,499,NetBanking,USA
T00007,U0443,2023-10-06,199,Card,France
T00008,U0321,2023-09-28,499,PayPal,UK
T00009,U0101,2023-12-15,199,NetBanking,India
T00010,U0160,2023-12-27,499,UPI,USA
T00011,U0593,2023-07-06,199,Card,South Korea
T00012,U0563,2023-12-07,199,NetBanking,Spain
T00013,U0412,2023-08-16,199,Card,USA
T00014,U0203,2023-06-30,799,NetBanking,UK
T00015,U0246,2023-09-07,799,PayPal,Spain
T00016,U0365,2023-12-11,799,NetBanking,UK
T00017,U0501,2023-01-24,199,UPI,France
T00018,U0132,2023-08-21,199,Card,USA
T00019,U0552,2023-10-01,199,Card,South Korea
T00020,U0798,2023-05-19,499,UPI,France
T00021,U0237,2023-04-20,199,PayPal,South Korea
T00022,U0772,2023-02-24,499,Card,USA
T00023,U0008,2023-11-10,199,UPI,South Korea
T00024,U0195,2023-05-20,199,UPI,France
T00025,U0480,2023-11-06,499,PayPal,France
T00026,U0505,2023-03-26,799,PayPal,USA
T00027,U0233,2023-11-11,799,NetBanking,USA
T00028,U0689,2023-07-27,199,Card,India
T00029,U0492,2023-06-10,199,NetBanking,France
T00030,U0788,2023-08-15,799,UPI,Spain
T00031,U0275,2023-12-22,799,UPI,South Korea
T00032,U0721,2023-04-11,799,UPI,India
T00033,U0053,2023-12-07,199,NetBanking,Spain
T00034,U0739,2023-12-11,199,Card,South Korea
T00035,U0793,2023-07-06,199,NetBanking,UK
T00036,U0575,2023-07-06,499,Card,France
T00037,U0026,2023-07-19,199,Card,France
T00038,U0186,2023-06-25,199,NetBanking,USA
T00039,U0747,2023-05-02,799,NetBanking,UK
T00040,U0271,2023-10-30,799,UPI,France
T00041,U0519,2023-03-14,199,NetBanking,UK
T00042,U0598,2023-08-08,499,UPI,India
T00043,U0130,2023-02-15,799,Card,South Korea
T00044,U0171,2023-04-11,199,UPI,France
T00045,U0642,2023-05-16,199,Card,Spain
T00046,U0163,2023-06-15,799,NetBanking,Spain
T00047,U0111,2023-02-12,499,NetBanking,India
T00048,U0560,2023-11-25,199,Card,South Korea
T00049,U0634,2023-06-20,199,PayPal,South Korea
T00050,U0777,2023-07-21,499,PayPal,UK
T00051,U0271,2023-08-20,799,PayPal,France
T00052,U0382,2023-07-13,799,Card,UK
T00053,U0384,2023-04-03,499,PayPal,USA
T00054,U0294,2023-05-24,499,UPI,India
T00055,U0534,2023-02-26,199,UPI,USA
T00056,U0546,2023-12-19,199,PayPal,France
T00057,U0219,2023-02-13,799,NetBanking,France
T00058,U0193,2023-08-19,799,UPI,South Korea
T00059,U0347,2023-12-18,799,Card,India
T00060,U0212,2023-01-30,199,UPI,USA
T00061,U0608,2023-12-20,199,Card,France
T00062,U0740,2023-08-16,199,NetBanking,South Korea
T00063,U0309,2023-09-20,799,UPI,UK
T00064,U0798,2023-10-02,499,PayPal,France
T00065,U0083,2023-09-12,799,PayPal,UK
T00066,U0687,2023-07-15,499,Card,South Korea
T00067,U0029,2023-03-26,499,UPI,Spain
T00068,U0678,2023-05-14,499,Card,Spain
T00069,U0249,2023-04-12,499,PayPal,UK
T00070,U0062,2023-05-17,499,UPI,India
T00071,U0190,2023-02-26,499,NetBanking,France
T00072,U0555,2023-03-28,199,Card,South Korea
T00073,U0012,2023-07-19,199,Card,Spain
T00074,U0521,2023-01-01,199,NetBanking,USA
T00075,U0299,2023-07-22,499,NetBanking,France
T00076,U0048,2023-09-05,499,UPI,South Korea
T00077,U0678,2023-08-04,499,NetBanking,Spain
T00078,U0112,2023-08-11,799,Card,France
T00079,U0387,2023-08-27,499,Card,South Korea
T00080,U0383,2023-11-06,799,UPI,France
T00081,U0432,2023-09-05,799,NetBanking,South Korea
T00082,U0068,2023-12-19,799,NetBanking,France
T00083,U0097,2023-04-05,799,NetBanking,France
T00084,U0043,2023-03-17,199,PayPal,South Korea
T00085,U0537,2023-10-07,799,NetBanking,USA
T00086,U0051,2023-10-15,499,PayPal,Spain
T00087,U0514,2023-02-22,199,NetBanking,USA
T00088,U0228,2023-10-22,199,UPI,USA
T00089,U0688,2023-04-26,499,Card,France
T00090,U0305,2023-07-18,799,PayPal,USA
T00091,U0263,2023-07-25,499,NetBanking,USA
T00092,U0306,2023-08-28,199,UPI,India
T00093,U0628,2023-10-29,799,UPI,Spain
T00094,U0038,2023-07-25,499,PayPal,USA
T00095,U0771,2023-12-17,199,Card,France
T00096,U0699,2023-11-08,199,UPI,South Korea
T00097,U0257,2023-07-18,499,UPI,USA
T00098,U0737,2023-10-17,499,NetBanking,Spain
T00099,U0016,2023-11-27,799,Card,India
T00100,U0134,2023-06-02,799,PayPal,USA
T00101,U0118,2023-12-05,499,NetBanking,USA
T00102,U0055,2023-12-16,199,UPI,UK
T00103,U0071,2023-10-10,199,PayPal,USA
T00104,U0588,2023-10-14,499,UPI,Spain
T00105,U0407,2023-04-07,199,Card,South Korea
T00106,U0401,2023-10-24,199,NetBanking,Spain
T00107,U0474,2023-01-06,199,PayPal,USA
T00108,U0121,2023-03-31,199,PayPal,UK
T00109,U0069,2023-05-07,799,Card,India
T00110,U0408,2023-11-23,199,Card,Spain
T00111,U0176,2023-06-24,199,NetBanking,UK
T00112,U0144,2023-01-02,799,Card,USA
T00113,U0434,2023-02-27,199,UPI,Spain
T00114,U0725,2023-10-09,199,NetBanking,UK
T00115,U0283,2023-07-07,799,UPI,Spain
T00116,U0618,2023-03-14,199,Card,India
T00117,U0792,2023-04-12,799,PayPal,France
T00118,U0237,2023-10-07,199,PayPal,South Korea
T00119,U0699,2023-04-09,199,UPI,South Korea
T00120,U0419,2023-01-03,499,PayPal,USA
T00121,U0246,2023-08-18,799,PayPal,Spain
T00122,U0492,2023-02-13,199,PayPal,France
T00123,U0260,2023-06-23,199,NetBanking,France
T00124,U0223,2023-10-21,499,PayPal,South Korea
T00125,U0027,2023-03-04,499,Card,India
T00126,U0312,2023-02-11,799,UPI,France
T00127,U0155,2023-02-15,499,Card,USA
T00128,U0089,2023-04-07,199,PayPal,USA
T00129,U0526,2023-07-08,799,NetBanking,South Korea
T00130,U0593,2023-10-17,199,UPI,South Korea
T00131,U0348,2023-04-23,199,NetBanking,South Korea
T00132,U0505,2023-02-21,799,NetBanking,USA
T00133,U0498,2023-02-11,799,UPI,Spain
T00134,U0034,2023-04-09,799,PayPal,France
T00135,U0513,2023-07-30,799,NetBanking,USA
T00136,U0587,2023-01-30,499,PayPal,India
T00137,U0133,2023-02-07,799,PayPal,India
T00138,U0392,2023-12-24,499,UPI,France
T00139,U0096,2023-06-18,499,NetBanking,UK
T00140,U0554,2023-05-10,799,Card,UK
T00141,U0647,2023-11-21,799,PayPal,South Korea
T00142,U0245,2023-04-17,499,NetBanking,India
T00143,U0573,2023-07-17,499,PayPal,USA
T00144,U0775,2023-03-01,199,NetBanking,USA
T00145,U0469,2023-07-26,499,NetBanking,Spain
T00146,U0447,2023-12-08,199,UPI,UK
T00147,U0398,2023-01-05,199,PayPal,India
T00148,U0318,2023-04-25,199,PayPal,USA
T00149,U0732,2023-12-02,199,NetBanking,India
T00150,U0651,2023-12-13,199,Card,UK
T00151,U0655,2023-02-10,499,NetBanking,South Korea
T00152,U0046,2023-05-02,499,Card,USA
T00153,U0182,2023-04-26,499,PayPal,France
T00154,U0431,2023-10-25,799,NetBanking,France
T00155,U0774,2023-06-20,199,NetBanking,France
T00156,U0349,2023-05-16,199,UPI,India
T00157,U0310,2023-01-01,199,PayPal,UK
T00158,U0045,2023-10-01,199,PayPal,France
T00159,U0450,2023-12-25,499,Card,India
T00160,U0555,2023-03-01,199,UPI,South Korea
T00161,U0397,2023-06-26,499,UPI,UK
T00162,U0297,2023-06-24,199,Card,South Korea
T00163,U0053,2023-09-05,199,NetBanking,Spain
T00164,U0799,2023-11-01,199,PayPal,UK
T00165,U0736,2023-10-24,799,PayPal,India
T00166,U0424,2023-09-02,799,UPI,Spain
T00167,U0111,2023-02-23,499,UPI,India
T00168,U0590,2023-09-05,499,NetBanking,France
T00169,U0315,2023-07-20,799,NetBanking,India
T00170,U0297,2023-07-05,199,PayPal,South Korea
T00171,U0350,2023-08-03,199,NetBanking,South Korea
T00172,U0525,2023-03-18,199,NetBanking,Spain
T00173,U0171,2023-03-19,199,NetBanking,France
T00174,U0591,2023-12-16,499,Card,UK
T00175,U0520,2023-06-01,799,PayPal,South Korea
T00176,U0697,2023-05-18,799,UPI,USA
T00177,U0594,2023-04-15,499,UPI,India
T00178,U0520,2023-11-08,799,PayPal,South Korea
T00179,U0390,2023-12-17,799,PayPal,India
T00180,U0012,2023-08-02,199,NetBanking,Spain
T00181,U0741,2023-07-14,499,Card,Spain
T00182,U0736,2023-11-29,799,NetBanking,India
T00183,U0224,2023-02-04,499,Card,India
T00184,U0562,2023-07-29,499,NetBanking,USA
T00185,U0640,2023-01-18,499,NetBanking,Spain
T00186,U0468,2023-08-14,799,NetBanking,UK
T00187,U0384,2023-11-02,499,NetBanking,USA
T00188,U0776,2023-01-21,499,Card,UK
T00189,U0579,2023-10-19,799,NetBanking,France
T00190,U0386,2023-03-15,499,Card,Spain
T00191,U0480,2023-09-12,499,Card,France
T00192,U0072,2023-08-16,499,UPI,UK
T00193,U0449,2023-01-29,499,Card,UK
T00194,U0127,2023-07-03,499,Card,USA
T00195,U0612,2023-10-11,799,NetBanking,France
T00196,U0192,2023-03-30,499,UPI,India
T00197,U0553,2023-07-28,199,Card,France
T00198,U0207,2023-05-28,199,Card,India
T00199,U0198,2023-04-29,799,Card,France
T00200,U0147,2023-01-27,199,Card,UK
T00201,U0604,2023-11-12,799,Card,UK
T00202,U0287,2023-05-10,799,NetBanking,South Korea
T00203,U0411,2023-01-12,499,UPI,France
T00204,U0580,2023-07-13,799,PayPal,USA
T00205,U0233,2023-12-29,799,UPI,USA
T00206,U0627,2023-07-24,799,PayPal,India
T00207,U0134,2023-12-02,799,Card,USA
T00208,U0449,2023-06-24,499,NetBanking,UK
T00209,U0798,2023-06-15,499,Card,France
T00210,U0313,2023-11-03,799,UPI,USA
T00211,U0518,2023-03-11,799,PayPal,South Korea
T00212,U0494,2023-05-05,499,UPI,UK
T00213,U0392,2023-01-17,499,PayPal,France
T00214,U0544,2023-05-10,199,PayPal,Spain
T00215,U0545,2023-05-28,499,NetBanking,Spain
T00216,U0252,2023-06-24,799,UPI,France
T00217,U0593,2023-03-01,199,UPI,South Korea
T00218,U0171,2023-05-12,199,PayPal,France
T00219,U0319,2023-06-29,799,Card,South Korea
T00220,U0007,2023-09-29,799,PayPal,USA
T00221,U0455,2023-05-07,799,NetBanking,South Korea
T00222,U0136,2023-06-04,199,PayPal,UK
T00223,U0031,2023-06-20,499,NetBanking,South Korea
T00224,U0435,2023-10-13,199,NetBanking,France
T00225,U0407,2023-10-06,199,UPI,South Korea
T00226,U0185,2023-12-14,199,UPI,France
T00227,U0740,2023-04-28,199,Card,South Korea
T00228,U0126,2023-03-28,499,Card,France
T00229,U0493,2023-02-08,799,UPI,USA
T00230,U0637,2023-02-17,499,PayPal,South Korea
T00231,U0411,2023-10-14,499,NetBanking,France
T00232,U0607,2023-04-17,499,Card,France
T00233,U0484,2023-10-04,799,NetBanking,South Korea
T00234,U0532,2023-03-23,199,NetBanking,France
T00235,U0717,2023-04-14,199,UPI,India
T00236,U0162,2023-05-09,499,PayPal,USA
T00237,U0371,2023-10-18,499,NetBanking,France
T00238,U0591,2023-03-30,499,UPI,UK
T00239,U0683,2023-08-31,799,NetBanking,UK
T00240,U0308,2023-06-08,199,UPI,USA
T00241,U0009,2023-08-07,799,Card,UK
T00242,U0779,2023-04-10,799,Card,India
T00243,U0571,2023-10-05,799,UPI,South Korea
T00244,U0005,2023-08-30,799,UPI,South Korea
T00245,U0081,2023-06-15,799,UPI,USA
T00246,U0540,2023-04-02,799,NetBanking,France
T00247,U0347,2023-06-09,799,UPI,India
T00248,U0022,2023-03-18,499,Card,France
T00249,U0164,2023-12-15,199,UPI,Spain
T00250,U0741,2023-02-12,499,NetBanking,Spain
T00251,U0305,2023-07-04,799,PayPal,USA
T00252,U0069,2023-05-20,799,NetBanking,India
T00253,U0543,2023-05-22,199,NetBanking,South Korea
T00254,U0141,2023-11-14,199,UPI,South Korea
T00255,U0276,2023-01-29,199,NetBanking,UK
T00256,U0135,2023-08-01,199,NetBanking,France
T00257,U0666,2023-06-13,499,UPI,UK
T00258,U0365,2023-02-20,799,Card,UK
T00259,U0698,2023-07-27,199,NetBanking,France
T00260,U0283,2023-05-10,799,Card,Spain
T00261,U0236,2023-01-27,499,NetBanking,India
T00262,U0493,2023-01-29,799,PayPal,USA
T00263,U0753,2023-05-30,499,Card,India
T00264,U0014,2023-04-14,799,PayPal,UK
T00265,U0506,2023-09-17,799,Card,Spain
T00266,U0706,2023-05-02,499,Card,USA
T00267,U0548,2023-07-23,499,UPI,France
T00268,U0051,2023-08-07,499,UPI,Spain
T00269,U0344,2023-05-13,199,NetBanking,India
T00270,U0158,2023-11-01,199,Card,France
T00271,U0411,2023-03-10,499,NetBanking,France
T00272,U0275,2023-02-08,799,PayPal,South Korea
T00273,U0721,2023-09-14,799,UPI,India
T00274,U0650,2023-11-14,799,NetBanking,UK
T00275,U0098,2023-01-04,199,PayPal,USA
T00276,U0740,2023-01-23,199,UPI,South Korea
T00277,U0443,2023-10-17,199,NetBanking,France
T00278,U0495,2023-11-08,199,Card,USA
T00279,U0633,2023-01-15,799,Card,UK
T00280,U0076,2023-06-29,799,Card,South Korea
T00281,U0123,2023-01-24,499,Card,USA
T00282,U0742,2023-10-09,499,PayPal,France
T00283,U0244,2023-03-06,499,Card,Spain
T00284,U0153,2023-12-27,499,NetBanking,South Korea
T00285,U0276,2023-01-02,199,Card,UK
T00286,U0600,2023-09-02,499,PayPal,UK
T00287,U0166,2023-09-16,799,UPI,France
T00288,U0549,2023-06-25,799,PayPal,South Korea
T00289,U0128,2023-06-15,799,UPI,USA
T00290,U0217,2023-08-08,199,NetBanking,Spain
T00291,U0290,2023-02-12,499,Card,India
T00292,U0478,2023-01-10,799,PayPal,South Korea
T00293,U0310,2023-08-24,199,UPI,UK
T00294,U0188,2023-06-08,499,PayPal,Spain
T00295,U0479,2023-10-15,199,Card,France
T00296,U0422,2023-10-26,499,Card,India
T00297,U0134,2023-07-17,799,PayPal,USA
T00298,U0082,2023-11-04,799,Card,Spain
T00299,U0072,2023-12-21,499,Card,UK
T00300,U0669,2023-06-03,199,NetBanking,Spain
T00301,U0242,2023-08-19,199,NetBanking,Spain
T00302,U0473,2023-12-29,799,NetBanking,France
T00303,U0770,2023-03-29,799,PayPal,South Korea
T00304,U0196,2023-06-02,799,PayPal,UK
T00305,U0645,2023-04-12,499,PayPal,India
T00306,U0638,2023-06-05,199,NetBanking,India
T00307,U0508,2023-09-23,799,Card,USA
T00308,U0386,2023-11-06,499,PayPal,Spain
T00309,U0113,2023-09-01,799,PayPal,USA
T00310,U0771,2023-07-27,199,PayPal,France
T00311,U0531,2023-04-25,199,UPI,Spain
T00312,U0629,2023-03-22,499,UPI,India
T00313,U0277,2023-04-26,499,UPI,UK
T00314,U0304,2023-11-25,799,Card,USA
T00315,U0483,2023-05-31,199,NetBanking,South Korea
T00316,U0642,2023-01-26,199,UPI,Spain
T00317,U0582,2023-01-26,499,PayPal,South Korea
T00318,U0616,2023-01-05,799,UPI,Spain
T00319,U0716,2023-08-03,799,PayPal,India
T00320,U0234,2023-09-05,199,NetBanking,India
T00321,U0131,2023-08-01,199,PayPal,India
T00322,U0416,2023-03-27,799,NetBanking,UK
T00323,U0798,2023-12-22,499,Card,France
T00324,U0375,2023-03-06,799,PayPal,France
T00325,U0158,2023-11-01,199,UPI,France
T00326,U0423,2023-04-24,199,Card,South Korea
T00327,U0610,2023-01-28,199,UPI,Spain
T00328,U0645,2023-05-18,499,UPI,India
T00329,U0696,2023-02-21,499,PayPal,Spain
T00330,U0478,2023-03-17,799,Card,South Korea
T00331,U0728,2023-02-25,499,UPI,UK
T00332,U0189,2023-08-24,199,Card,Spain
T00333,U0319,2023-07-22,799,UPI,South Korea
T00334,U0504,2023-05-13,499,PayPal,USA
T00335,U0586,2023-08-04,199,UPI,South Korea
T00336,U0650,2023-01-06,799,UPI,UK
T00337,U0273,2023-09-25,199,Card,UK
T00338,U0229,2023-11-09,199,Card,USA
T00339,U0626,2023-06-18,499,PayPal,UK
T00340,U0314,2023-08-18,799,Card,USA
T00341,U0590,2023-03-22,499,Card,France
T00342,U0781,2023-11-28,199,PayPal,France
T00343,U0428,2023-11-12,799,NetBanking,India
T00344,U0493,2023-12-22,799,NetBanking,USA
T00345,U0362,2023-02-12,499,Card,France
T00346,U0021,2023-11-01,799,Card,UK
T00347,U0442,2023-03-27,799,Card,USA
T00348,U0477,2023-06-04,799,Card,India
T00349,U0333,2023-07-26,199,UPI,USA
T00350,U0737,2023-01-22,499,Card,Spain
T00351,U0620,2023-03-15,199,UPI,France
T00352,U0039,2023-10-22,199,UPI,India
T00353,U0308,2023-08-10,199,NetBanking,USA
T00354,U0070,2023-07-28,799,PayPal,UK
T00355,U0150,2023-06-04,799,NetBanking,France
T00356,U0501,2023-09-15,199,Card,France
T00357,U0333,2023-12-28,199,PayPal,USA
T00358,U0675,2023-05-14,199,UPI,South Korea
T00359,U0291,2024-01-01,799,Card,France
T00360,U0255,2023-11-25,799,UPI,India
T00361,U0635,2023-07-25,499,NetBanking,India
T00362,U0148,2023-11-03,799,UPI,Spain
T00363,U0454,2023-08-10,499,PayPal,South Korea
T00364,U0585,2023-05-18,499,Card,France
T00365,U0202,2023-11-15,199,PayPal,South Korea
T00366,U0701,2023-04-29,199,NetBanking,USA
T00367,U0020,2023-10-28,199,PayPal,South Korea
T00368,U0218,2023-06-13,499,Card,France
T00369,U0356,2023-12-19,799,Card,France
T00370,U0481,2023-09-20,799,Card,India
T00371,U0468,2023-06-21,799,Card,UK
T00372,U0524,2023-05-08,199,UPI,South Korea
T00373,U0253,2023-04-24,199,UPI,India
T00374,U0239,2023-09-04,199,PayPal,Spain
T00375,U0255,2023-06-24,799,Card,India
T00376,U0186,2023-01-26,199,Card,USA
T00377,U0318,2023-08-05,199,UPI,USA
T00378,U0157,2023-04-02,799,PayPal,UK
T00379,U0260,2023-09-01,199,UPI,France
T00380,U0584,2023-11-21,799,PayPal,USA
T00381,U0732,2023-04-08,199,NetBanking,India
T00382,U0057,2023-03-22,799,Card,South Korea
T00383,U0356,2023-04-28,799,UPI,France
T00384,U0075,2023-06-15,199,NetBanking,USA
T00385,U0129,2023-01-25,799,Card,USA
T00386,U0335,2023-03-09,799,UPI,UK
T00387,U0500,2023-01-15,199,UPI,UK
T00388,U0366,2023-07-07,199,PayPal,France
T00389,U0511,2023-10-01,799,UPI,UK
T00390,U0274,2023-10-28,799,UPI,India
T00391,U0156,2023-05-20,499,Card,South Korea
T00392,U0704,2023-11-28,199,PayPal,USA
T00393,U0403,2023-06-24,199,PayPal,India
T00394,U0081,2023-02-06,799,Card,USA
T00395,U0382,2023-07-10,799,UPI,UK
T00396,U0329,2023-03-09,799,Card,France
T00397,U0037,2023-09-19,499,NetBanking,USA
T00398,U0078,2023-09-22,199,UPI,France
T00399,U0751,2023-05-08,799,PayPal,USA
T00400,U0358,2023-01-11,199,Card,France
T00401,U0318,2023-12-19,199,PayPal,USA
T00402,U0632,2023-02-05,499,NetBanking,USA
T00403,U0342,2023-02-26,499,NetBanking,Spain
T00404,U0367,2023-06-10,799,NetBanking,India
T00405,U0402,2023-03-04,799,NetBanking,Spain
T00406,U0178,2023-04-29,499,Card,Spain
T00407,U0420,2023-05-23,499,Card,South Korea
T00408,U0441,2023-01-09,499,UPI,South Korea
T00409,U0138,2023-07-30,799,UPI,UK
T00410,U0686,2023-12-10,199,PayPal,Spain
T00411,U0244,2023-08-10,499,PayPal,Spain
T00412,U0010,2023-03-09,499,UPI,USA
T00413,U0447,2023-08-23,199,UPI,UK
T00414,U0043,2023-06-10,199,PayPal,South Korea
T00415,U0057,2023-03-20,799,PayPal,South Korea
T00416,U0576,2023-11-07,199,NetBanking,South Korea
T00417,U0368,2023-09-14,799,NetBanking,UK
T00418,U0457,2023-11-01,799,NetBanking,India
T00419,U0314,2023-02-09,799,Card,USA
T00420,U0221,2023-12-18,499,NetBanking,France
T00421,U0518,2023-01-13,799,UPI,South Korea
T00422,U0039,2023-10-31,199,UPI,India
T00423,U0081,2023-01-23,799,PayPal,USA
T00424,U0751,2023-08-02,799,UPI,USA
T00425,U0751,2023-01-26,799,Card,USA
T00426,U0153,2023-11-04,499,NetBanking,South Korea
T00427,U0538,2023-09-20,199,UPI,France
T00428,U0609,2023-10-03,199,Card,South Korea
T00429,U0288,2023-01-20,199,NetBanking,UK
T00430,U0118,2023-12-03,499,NetBanking,USA
T00431,U0569,2023-05-05,799,UPI,USA
T00432,U0521,2023-07-28,199,NetBanking,USA
T00433,U0549,2023-12-29,799,PayPal,South Korea
T00434,U0541,2023-02-15,799,PayPal,Spain
T00435,U0611,2023-08-04,199,UPI,UK
T00436,U0643,2023-06-29,199,UPI,France
T00437,U0606,2023-12-05,799,NetBanking,UK
T00438,U0410,2023-06-21,499,Card,France
T00439,U0491,2023-07-14,799,Card,UK
T00440,U0036,2023-09-26,799,UPI,France
T00441,U0160,2023-09-03,499,NetBanking,USA
T00442,U0002,2023-03-22,799,UPI,USA
T00443,U0685,2023-12-11,799,PayPal,Spain
T00444,U0159,2023-08-18,199,Card,Spain
T00445,U0216,2023-08-23,499,PayPal,India
T00446,U0290,2023-08-04,499,UPI,India
T00447,U0529,2023-08-27,199,Card,South Korea
T00448,U0800,2023-12-31,499,UPI,USA
T00449,U0228,2023-10-01,199,UPI,USA
T00450,U0619,2023-07-24,199,NetBanking,France
T00451,U0779,2023-09-24,799,PayPal,India
T00452,U0657,2023-02-22,499,PayPal,France
T00453,U0291,2023-06-27,799,Card,France
T00454,U0473,2023-07-30,799,UPI,France
T00455,U0397,2023-05-14,499,NetBanking,UK
T00456,U0578,2023-05-15,799,UPI,Spain
T00457,U0389,2023-08-11,499,NetBanking,Spain
T00458,U0382,2023-08-19,799,UPI,UK
T00459,U0346,2023-10-15,799,NetBanking,Spain
T00460,U0087,2023-02-21,199,NetBanking,India
T00461,U0363,2023-06-05,499,NetBanking,South Korea
T00462,U0360,2023-01-24,799,PayPal,Spain
T00463,U0213,2023-07-25,199,PayPal,France
T00464,U0769,2023-05-08,799,UPI,South Korea
T00465,U0050,2023-09-15,499,NetBanking,UK
T00466,U0603,2023-04-18,199,Card,UK
T00467,U0738,2023-01-09,499,UPI,South Korea
T00468,U0358,2023-03-10,199,PayPal,France
T00469,U0340,2023-08-08,799,Card,UK
T00470,U0790,2023-05-03,199,NetBanking,Spain
T00471,U0489,2023-12-27,199,NetBanking,Spain
T00472,U0019,2023-05-04,799,Card,Spain
T00473,U0388,2023-02-20,799,NetBanking,UK
T00474,U0571,2023-12-19,799,NetBanking,South Korea
T00475,U0607,2023-02-25,499,Card,France
T00476,U0111,2023-08-01,499,PayPal,India
T00477,U0561,2023-05-25,199,NetBanking,Spain
T00478,U0158,2023-12-11,199,UPI,France
T00479,U0148,2023-02-22,799,PayPal,Spain
T00480,U0059,2023-12-07,199,Card,USA
T00481,U0298,2023-07-11,799,PayPal,Spain
T00482,U0025,2023-06-14,199,UPI,India
T00483,U0303,2023-06-25,799,UPI,India
T00484,U0763,2023-09-17,199,UPI,USA
T00485,U0578,2023-12-07,799,Card,Spain
T00486,U0508,2023-10-18,799,NetBanking,USA
T00487,U0470,2023-11-20,199,Card,UK
T00488,U0523,2023-09-24,199,NetBanking,USA
T00489,U0318,2023-03-11,199,NetBanking,USA
T00490,U0402,2023-02-19,799,Card,Spain
T00491,U0208,2023-01-07,499,PayPal,South Korea
T00492,U0539,2023-05-08,799,Card,UK
T00493,U0061,2023-12-10,199,UPI,USA
T00494,U0595,2023-01-16,499,UPI,UK
T00495,U0229,2023-05-30,199,PayPal,USA
T00496,U0630,2023-03-22,499,PayPal,South Korea
T00497,U0232,2023-11-13,799,UPI,Spain
T00498,U0709,2023-09-09,799,PayPal,South Korea
T00499,U0449,2023-02-24,499,NetBanking,UK
T00500,U0278,2023-06-10,199,NetBanking,Spain
T00501,U0157,2023-07-18,799,NetBanking,UK
T00502,U0200,2023-12-21,499,PayPal,South Korea
T00503,U0535,2023-02-21,799,NetBanking,India
T00504,U0149,2023-03-22,499,PayPal,Spain
T00505,U0464,2023-03-21,499,PayPal,Spain
T00506,U0414,2023-11-20,499,UPI,France
T00507,U0170,2023-01-03,199,Card,USA
T00508,U0039,2023-05-08,199,Card,India
T00509,U0294,2023-04-25,499,UPI,India
T00510,U0392,2023-07-10,499,NetBanking,France
T00511,U0105,2023-08-20,199,Card,UK
T00512,U0081,2023-07-04,799,PayPal,USA
T00513,U0578,2023-09-23,799,UPI,Spain
T00514,U0105,2023-05-15,199,Card,UK
T00515,U0013,2023-09-17,799,PayPal,USA
T00516,U0423,2023-02-05,199,NetBanking,South Korea
T00517,U0045,2023-08-09,199,UPI,France
T00518,U0223,2023-04-03,499,Card,South Korea
T00519,U0540,2023-09-07,799,PayPal,France
T00520,U0498,2023-05-22,799,UPI,Spain
T00521,U0571,2023-10-26,799,NetBanking,South Korea
T00522,U0427,2023-04-10,199,UPI,India
T00523,U0144,2023-06-17,799,NetBanking,USA
T00524,U0627,2023-07-20,799,PayPal,India
T00525,U0289,2023-10-10,499,PayPal,UK
T00526,U0160,2023-06-05,499,UPI,USA
T00527,U0164,2023-03-16,199,PayPal,Spain
T00528,U0569,2023-12-22,799,Card,USA
T00529,U0550,2023-05-09,199,NetBanking,UK
T00530,U0742,2023-04-08,499,UPI,France
T00531,U0473,2023-05-06,799,Card,France
T00532,U0079,2023-08-25,499,PayPal,South Korea
T00533,U0043,2023-07-07,199,Card,South Korea
T00534,U0113,2023-02-07,799,UPI,USA
T00535,U0157,2023-12-23,799,NetBanking,UK
T00536,U0390,2023-12-14,799,UPI,India
T00537,U0125,2023-05-15,199,Card,South Korea
T00538,U0588,2023-12-09,499,NetBanking,Spain
T00539,U0393,2023-01-04,199,UPI,India
T00540,U0271,2023-01-13,799,NetBanking,France
T00541,U0514,2023-02-17,199,UPI,USA
T00542,U0595,2023-02-22,499,Card,UK
T00543,U0388,2023-06-11,799,Card,UK
T00544,U0744,2023-06-05,499,NetBanking,UK
T00545,U0574,2023-07-29,499,Card,UK
T00546,U0065,2023-05-29,799,UPI,India
T00547,U0269,2023-04-23,199,UPI,Spain
T00548,U0096,2023-05-24,499,Card,UK
T00549,U0529,2023-02-05,199,UPI,South Korea
T00550,U0576,2023-02-26,199,UPI,South Korea
T00551,U0010,2023-06-09,499,PayPal,USA
T00552,U0715,2023-02-13,199,Card,USA
T00553,U0323,2023-03-22,799,UPI,France
T00554,U0602,2023-08-16,799,UPI,UK
T00555,U0320,2023-06-08,499,NetBanking,Spain
T00556,U0515,2023-01-20,799,PayPal,Spain
T00557,U0002,2023-08-01,799,PayPal,USA
T00558,U0396,2023-01-25,799,NetBanking,USA
T00559,U0304,2023-02-21,799,NetBanking,USA
T00560,U0218,2023-09-27,499,UPI,France
T00561,U0203,2023-01-12,799,UPI,UK
T00562,U0363,2023-05-15,499,NetBanking,South Korea
T00563,U0323,2023-05-20,799,NetBanking,France
T00564,U0783,2023-03-06,499,Card,Spain
T00565,U0336,2023-08-23,199,NetBanking,UK
T00566,U0276,2023-11-04,199,UPI,UK
T00567,U0744,2023-08-21,499,PayPal,UK
T00568,U0228,2023-01-14,199,Card,USA
T00569,U0272,2023-08-19,199,PayPal,UK
T00570,U0643,2023-11-13,199,NetBanking,France
T00571,U0619,2023-01-02,199,Card,France
T00572,U0624,2023-05-07,799,UPI,France
T00573,U0235,2023-12-29,799,NetBanking,USA
T00574,U0296,2023-11-11,799,UPI,South Korea
T00575,U0646,2023-04-06,799,NetBanking,France
T00576,U0073,2023-06-03,499,UPI,France
T00577,U0018,2023-07-17,799,Card,Spain
T00578,U0437,2023-03-27,799,NetBanking,USA
T00579,U0240,2023-06-29,199,UPI,UK
T00580,U0662,2023-12-26,499,UPI,South Korea
T00581,U0501,2023-06-28,199,NetBanking,France
T00582,U0090,2023-05-04,499,UPI,USA
T00583,U0028,2023-02-11,799,NetBanking,India
T00584,U0341,2023-11-26,799,PayPal,India
T00585,U0097,2023-07-28,799,Card,France
T00586,U0232,2023-06-14,799,NetBanking,Spain
T00587,U0398,2023-01-20,199,PayPal,India
T00588,U0063,2023-01-11,799,PayPal,France
T00589,U0298,2023-08-14,799,NetBanking,Spain
T00590,U0614,2023-08-26,799,PayPal,India
T00591,U0388,2023-10-15,799,PayPal,UK
T00592,U0259,2023-09-18,799,UPI,UK
T00593,U0013,2023-08-28,799,Card,USA
T00594,U0110,2023-07-27,499,UPI,India
T00595,U0467,2023-01-28,799,NetBanking,India
T00596,U0772,2023-01-03,499,UPI,USA
T00597,U0498,2023-08-16,799,Card,Spain
T00598,U0493,2023-12-01,799,PayPal,USA
T00599,U0318,2023-10-21,199,Card,USA
T00600,U0038,2023-04-14,499,NetBanking,USA
T00601,U0106,2023-09-28,499,UPI,Spain
T00602,U0453,2023-02-07,199,UPI,Spain
T00603,U0721,2023-10-21,799,NetBanking,India
T00604,U0038,2023-01-27,499,PayPal,USA
T00605,U0025,2023-11-12,199,Card,India
T00606,U0275,2023-02-17,799,PayPal,South Korea
T00607,U0089,2023-05-31,199,PayPal,USA
T00608,U0607,2023-06-21,499,NetBanking,France
T00609,U0287,2023-08-18,799,Card,South Korea
T00610,U0239,2023-04-29,199,PayPal,Spain
T00611,U0579,2023-12-06,799,NetBanking,France
T00612,U0351,2023-12-26,799,PayPal,Spain
T00613,U0235,2023-03-24,799,UPI,USA
T00614,U0795,2023-09-03,199,UPI,South Korea
T00615,U0745,2023-04-19,799,Card,South Korea
T00616,U0250,2023-07-04,499,UPI,France
T00617,U0319,2023-01-29,799,Card,South Korea
T00618,U0642,2023-07-16,199,NetBanking,Spain
T00619,U0220,2023-06-28,199,NetBanking,South Korea
T00620,U0758,2023-02-27,799,NetBanking,South Korea
T00621,U0468,2023-11-28,799,Card,UK
T00622,U0466,2023-02-23,199,Card,UK
T00623,U0311,2023-10-18,499,NetBanking,Spain
T00624,U0159,2023-12-22,199,PayPal,Spain
T00625,U0508,2023-09-17,799,Card,USA
T00626,U0765,2023-04-11,199,PayPal,UK
T00627,U0386,2023-09-27,499,PayPal,Spain
T00628,U0250,2023-12-05,499,Card,France
T00629,U0675,2023-09-03,199,NetBanking,South Korea
T00630,U0465,2023-10-11,499,UPI,South Korea
T00631,U0719,2023-05-14,199,UPI,USA
T00632,U0281,2023-05-04,199,Card,Spain
T00633,U0784,2023-03-05,799,NetBanking,Spain
T00634,U0400,2023-11-08,799,NetBanking,South Korea
T00635,U0441,2023-01-18,499,UPI,South Korea
T00636,U0373,2023-07-07,199,UPI,France
T00637,U0235,2023-09-02,799,PayPal,USA
T00638,U0623,2023-08-25,799,Card,South Korea
T00639,U0735,2023-03-02,499,UPI,India
T00640,U0140,2023-07-18,199,PayPal,South Korea
T00641,U0403,2023-01-13,199,Card,India
T00642,U0769,2023-07-09,799,PayPal,South Korea
T00643,U0310,2023-07-21,199,NetBanking,UK
T00644,U0607,2023-04-17,499,NetBanking,France
T00645,U0105,2023-01-08,199,PayPal,UK
T00646,U0644,2023-12-06,499,PayPal,Spain
T00647,U0498,2023-07-04,799,UPI,Spain
T00648,U0614,2023-04-29,799,Card,India
T00649,U0678,2023-05-09,499,Card,Spain
T00650,U0713,2023-09-01,799,UPI,France
T00651,U0405,2023-10-04,499,NetBanking,India
T00652,U0155,2023-10-26,499,PayPal,USA
T00653,U0130,2023-06-14,799,UPI,South Korea
T00654,U0025,2023-06-18,199,Card,India
T00655,U0055,2023-07-19,199,UPI,UK
T00656,U0683,2023-01-25,799,UPI,UK
T00657,U0684,2023-02-26,799,UPI,USA
T00658,U0335,2023-02-12,799,NetBanking,UK
T00659,U0426,2023-02-07,499,UPI,UK
T00660,U0471,2023-10-27,199,Card,France
T00661,U0265,2023-10-15,199,PayPal,India
T00662,U0642,2023-11-16,199,UPI,Spain
T00663,U0090,2023-03-13,499,Card,USA
T00664,U0049,2023-01-01,799,Card,Spain
T00665,U0783,2023-12-02,499,Card,Spain
T00666,U0311,2023-09-29,499,NetBanking,Spain
T00667,U0640,2023-10-21,499,UPI,Spain
T00668,U0704,2023-12-15,199,NetBanking,USA
T00669,U0131,2023-09-02,199,Card,India
T00670,U0224,2023-12-12,499,UPI,India
T00671,U0271,2023-02-01,799,PayPal,France
T00672,U0128,2023-09-28,799,NetBanking,USA
T00673,U0478,2023-12-13,799,Card,South Korea
T00674,U0423,2023-11-18,199,PayPal,South Korea
T00675,U0743,2023-06-12,799,NetBanking,USA
T00676,U0621,2023-02-05,199,Card,Spain
T00677,U0074,2023-03-06,199,Card,France
T00678,U0022,2023-03-13,499,NetBanking,France
T00679,U0769,2023-04-20,799,UPI,South Korea
T00680,U0745,2023-09-27,799,NetBanking,South Korea
T00681,U0125,2023-05-28,199,NetBanking,South Korea
T00682,U0065,2023-07-16,799,Card,India
T00683,U0160,2023-01-15,499,Card,USA
T00684,U0269,2023-07-31,199,UPI,Spain
T00685,U0643,2023-12-20,199,NetBanking,France
T00686,U0245,2023-11-08,499,NetBanking,India
T00687,U0194,2023-09-17,799,PayPal,India
T00688,U0625,2023-11-17,499,UPI,India
T00689,U0474,2023-07-31,199,NetBanking,USA
T00690,U0016,2023-05-21,799,Card,India
T00691,U0231,2023-03-17,799,UPI,South Korea
T00692,U0586,2024-01-01,199,Card,South Korea
T00693,U0184,2023-12-04,499,PayPal,France
T00694,U0547,2023-03-13,799,Card,USA
T00695,U0412,2023-11-22,199,NetBanking,USA
T00696,U0180,2023-02-22,199,NetBanking,UK
T00697,U0247,2023-11-05,499,NetBanking,France
T00698,U0267,2023-10-26,799,PayPal,South Korea
T00699,U0191,2023-03-26,499,PayPal,UK
T00700,U0630,2023-04-05,499,NetBanking,South Korea
T00701,U0265,2023-05-12,199,PayPal,India
T00702,U0533,2023-12-17,199,PayPal,India
T00703,U0765,2023-05-08,199,NetBanking,UK
T00704,U0748,2023-12-27,499,NetBanking,USA
T00705,U0116,2023-09-17,199,UPI,France
T00706,U0317,2023-02-08,199,Card,France
T00707,U0048,2023-04-24,499,NetBanking,South Korea
T00708,U0025,2023-05-12,199,UPI,India
T00709,U0576,2023-06-14,199,NetBanking,South Korea
T00710,U0088,2023-09-03,199,PayPal,South Korea
T00711,U0720,2023-06-12,799,PayPal,South Korea
T00712,U0692,2023-11-01,799,UPI,India
T00713,U0398,2023-11-24,199,Card,India
T00714,U0544,2023-09-04,199,NetBanking,Spain
T00715,U0054,2023-11-09,499,Card,India
T00716,U0591,2023-07-02,499,UPI,UK
T00717,U0156,2023-12-19,499,UPI,South Korea
T00718,U0748,2024-01-01,499,PayPal,USA
T00719,U0242,2023-07-19,199,NetBanking,Spain
T00720,U0120,2023-03-28,499,NetBanking,South Korea
T00721,U0742,2023-04-02,499,NetBanking,France
T00722,U0743,2023-07-22,799,UPI,USA
T00723,U0150,2023-04-21,799,Card,France
T00724,U0521,2023-06-15,199,PayPal,USA
T00725,U0549,2023-02-07,799,UPI,South Korea
T00726,U0638,2023-03-31,199,PayPal,India
T00727,U0674,2023-06-26,799,NetBanking,Spain
T00728,U0789,2023-08-28,799,Card,UK
T00729,U0585,2023-08-22,499,Card,France
T00730,U0368,2023-11-05,799,NetBanking,UK
T00731,U0324,2023-10-24,499,PayPal,UK
T00732,U0578,2023-02-04,799,Card,Spain
T00733,U0738,2023-05-11,499,NetBanking,South Korea
T00734,U0699,2023-05-18,199,UPI,South Korea
T00735,U0066,2023-02-07,199,NetBanking,South Korea
T00736,U0222,2023-12-12,499,NetBanking,UK
T00737,U0013,2023-08-22,799,Card,USA
T00738,U0541,2023-12-30,799,NetBanking,Spain
T00739,U0364,2023-03-17,199,NetBanking,USA
T00740,U0475,2023-12-01,199,NetBanking,USA
T00741,U0106,2023-02-23,499,Card,Spain
T00742,U0569,2023-07-06,799,PayPal,USA
T00743,U0211,2023-03-24,199,Card,India
T00744,U0015,2023-01-16,799,UPI,South Korea
T00745,U0408,2023-07-05,199,Card,Spain
T00746,U0761,2023-01-17,499,Card,UK
T00747,U0171,2023-10-23,199,PayPal,France
T00748,U0573,2023-11-23,499,Card,USA
T00749,U0478,2023-09-19,799,Card,South Korea
T00750,U0114,2023-03-29,499,UPI,Spain
T00751,U0700,2023-08-30,499,Card,France
T00752,U0176,2023-02-12,199,NetBanking,UK
T00753,U0734,2023-04-28,499,NetBanking,France
T00754,U0781,2023-06-30,199,PayPal,France
T00755,U0358,2023-10-06,199,Card,France
T00756,U0003,2023-04-05,799,NetBanking,France
T00757,U0007,2023-03-10,799,UPI,USA
T00758,U0460,2023-11-12,199,UPI,South Korea
T00759,U0303,2023-10-09,799,Card,India
T00760,U0482,2023-10-06,199,PayPal,Spain
T00761,U0072,2023-12-11,499,NetBanking,UK
T00762,U0734,2023-12-16,499,Card,France
T00763,U0628,2023-09-08,799,NetBanking,Spain
T00764,U0645,2023-04-18,499,NetBanking,India
T00765,U0068,2023-06-17,799,Card,France
T00766,U0749,2023-11-16,499,PayPal,France
T00767,U0340,2023-06-30,799,UPI,UK
T00768,U0727,2023-12-17,199,UPI,India
T00769,U0373,2023-01-10,199,UPI,France
T00770,U0526,2023-01-17,799,UPI,South Korea
T00771,U0311,2023-11-13,499,PayPal,Spain
T00772,U0132,2023-12-30,199,Card,USA
T00773,U0178,2023-08-08,499,Card,Spain
T00774,U0049,2023-12-20,799,UPI,Spain
T00775,U0429,2023-04-18,199,UPI,UK
T00776,U0138,2023-08-20,799,Card,UK
T00777,U0330,2023-05-04,199,UPI,India
T00778,U0764,2023-03-20,499,Card,UK
T00779,U0723,2023-01-02,199,Card,Spain
T00780,U0279,2023-12-09,199,Card,India
T00781,U0282,2023-11-24,799,Card,Spain
T00782,U0339,2023-08-22,199,Card,France
T00783,U0118,2023-10-22,499,NetBanking,USA
T00784,U0145,2023-10-21,199,UPI,UK
T00785,U0115,2023-11-07,199,NetBanking,India
T00786,U0406,2023-12-30,799,Card,UK
T00787,U0433,2023-03-05,799,NetBanking,France
T00788,U0395,2023-11-10,799,NetBanking,USA
T00789,U0313,2023-12-13,799,UPI,USA
T00790,U0212,2023-05-08,199,UPI,USA
T00791,U0383,2023-05-11,799,PayPal,France
T00792,U0066,2023-05-10,199,UPI,South Korea
T00793,U0102,2023-07-19,499,NetBanking,France
T00794,U0271,2023-07-20,799,NetBanking,France
T00795,U0032,2023-01-03,499,PayPal,USA
T00796,U0753,2023-05-29,499,PayPal,India
T00797,U0029,2023-10-10,499,UPI,Spain
T00798,U0747,2023-06-18,799,UPI,UK
T00799,U0417,2023-09-08,799,PayPal,USA
T00800,U0595,2023-03-15,499,NetBanking,UK
T00801,U0175,2023-12-21,199,UPI,France
T00802,U0133,2023-10-28,799,PayPal,India
T00803,U0122,2023-02-19,499,PayPal,South Korea
T00804,U0326,2023-01-04,799,UPI,Spain
T00805,U0625,2023-12-01,499,NetBanking,India
T00806,U0587,2023-11-12,499,NetBanking,India
T00807,U0749,2023-02-20,499,Card,France
T00808,U0338,2023-03-04,499,Card,South Korea
T00809,U0340,2023-12-29,799,PayPal,UK
T00810,U0715,2023-03-23,199,Card,USA
T00811,U0167,2023-12-23,799,Card,France
T00812,U0566,2023-12-05,799,UPI,UK
T00813,U0516,2023-06-16,499,Card,France
T00814,U0664,2023-08-22,199,NetBanking,South Korea
T00815,U0312,2023-11-22,799,Card,France
T00816,U0278,2023-06-29,199,UPI,Spain
T00817,U0731,2023-12-25,499,PayPal,South Korea
T00818,U0415,2023-09-12,499,Card,UK
T00819,U0765,2023-06-24,199,Card,UK
T00820,U0373,2023-11-02,199,UPI,France
T00821,U0090,2023-02-24,499,UPI,USA
T00822,U0795,2023-06-18,199,Card,South Korea
T00823,U0328,2023-06-16,199,NetBanking,India
T00824,U0475,2023-04-03,199,NetBanking,USA
T00825,U0557,2023-12-27,799,Card,USA
T00826,U0042,2023-07-25,499,Card,South Korea
T00827,U0456,2023-02-12,199,PayPal,USA
T00828,U0602,2023-09-30,799,UPI,UK
T00829,U0021,2023-05-02,799,PayPal,UK
T00830,U0547,2023-07-03,799,UPI,USA
T00831,U0778,2023-12-28,499,NetBanking,South Korea
T00832,U0557,2023-03-02,799,NetBanking,USA
T00833,U0317,2023-02-04,199,Card,France
T00834,U0624,2023-04-02,799,Card,France
T00835,U0720,2023-07-08,799,PayPal,South Korea
T00836,U0787,2023-12-21,199,PayPal,USA
T00837,U0749,2023-12-05,499,PayPal,France
T00838,U0186,2023-11-02,199,UPI,USA
T00839,U0755,2023-06-16,199,PayPal,Spain
T00840,U0417,2023-10-16,799,NetBanking,USA
T00841,U0456,2023-06-14,199,NetBanking,USA
T00842,U0622,2023-11-03,499,UPI,France
T00843,U0697,2023-02-24,799,Card,USA
T00844,U0607,2023-08-18,499,Card,France
T00845,U0726,2023-01-10,499,PayPal,India
T00846,U0479,2023-06-19,199,NetBanking,France
T00847,U0453,2023-03-15,199,PayPal,Spain
T00848,U0786,2023-06-16,499,UPI,USA
T00849,U0399,2023-02-14,799,UPI,Spain
T00850,U0584,2023-10-09,799,PayPal,USA
T00851,U0585,2023-09-29,499,NetBanking,France
T00852,U0775,2023-01-20,199,UPI,USA
T00853,U0676,2023-06-28,499,Card,UK
T00854,U0120,2023-04-03,499,Card,South Korea
T00855,U0389,2023-04-14,499,NetBanking,Spain
T00856,U0008,2023-02-01,199,Card,South Korea
T00857,U0470,2023-05-20,199,NetBanking,UK
T00858,U0767,2023-12-15,199,UPI,Spain
T00859,U0688,2023-03-08,499,Card,France
T00860,U0704,2023-01-04,199,NetBanking,USA
T00861,U0400,2023-05-24,799,UPI,South Korea
T00862,U0766,2023-03-01,499,Card,UK
T00863,U0619,2023-10-20,199,NetBanking,France
T00864,U0609,2023-10-23,199,Card,South Korea
T00865,U0108,2023-08-27,199,PayPal,Spain
T00866,U0404,2023-12-23,499,UPI,France
T00867,U0217,2023-04-23,199,NetBanking,Spain
T00868,U0532,2023-10-04,199,PayPal,France
T00869,U0526,2023-03-16,799,PayPal,South Korea
T00870,U0575,2023-11-26,499,NetBanking,France
T00871,U0668,2023-09-20,199,UPI,UK
T00872,U0792,2023-10-07,799,PayPal,France
T00873,U0590,2023-05-01,499,NetBanking,France
T00874,U0714,2023-07-22,799,Card,South Korea
T00875,U0729,2023-01-27,499,UPI,France
T00876,U0005,2023-11-27,799,NetBanking,South Korea
T00877,U0509,2023-05-02,499,PayPal,South Korea
T00878,U0597,2023-11-12,799,PayPal,India
T00879,U0321,2023-05-22,499,NetBanking,UK
T00880,U0658,2023-12-17,499,PayPal,Spain
T00881,U0284,2023-06-08,799,UPI,South Korea
T00882,U0463,2023-01-23,499,NetBanking,South Korea
T00883,U0175,2023-10-25,199,NetBanking,France
T00884,U0395,2023-03-11,799,PayPal,USA
T00885,U0670,2023-05-26,799,Card,India
T00886,U0788,2023-06-02,799,NetBanking,Spain
T00887,U0582,2023-07-01,499,UPI,South Korea
T00888,U0401,2023-12-19,199,UPI,Spain
T00889,U0256,2023-05-13,499,PayPal,Spain
T00890,U0668,2023-10-24,199,Card,UK
T00891,U0529,2023-11-09,199,PayPal,South Korea
T00892,U0653,2023-11-17,499,UPI,USA
T00893,U0621,2023-08-25,199,NetBanking,Spain
T00894,U0519,2023-07-06,199,PayPal,UK
T00895,U0520,2023-08-19,799,Card,South Korea
T00896,U0509,2023-12-11,499,PayPal,South Korea
T00897,U0682,2023-08-02,799,UPI,Spain
T00898,U0489,2023-07-13,199,PayPal,Spain
T00899,U0314,2023-04-22,799,UPI,USA
T00900,U0711,2023-09-08,199,Card,South Korea
T00901,U0454,2023-01-30,499,UPI,South Korea
T00902,U0478,2023-12-18,799,NetBanking,South Korea
T00903,U0097,2023-07-18,799,Card,France
T00904,U0674,2023-06-11,799,UPI,Spain
T00905,U0642,2023-11-25,199,UPI,Spain
T00906,U0521,2023-09-09,199,Card,USA
T00907,U0598,2023-07-18,499,Card,India
T00908,U0196,2023-03-18,799,Card,UK
T00909,U0514,2023-12-31,199,PayPal,USA
T00910,U0014,2023-05-25,799,Card,UK
T00911,U0419,2023-04-07,499,PayPal,USA
T00912,U0568,2023-03-08,199,PayPal,USA
T00913,U0785,2023-12-16,799,UPI,France
T00914,U0230,2023-04-06,499,UPI,South Korea
T00915,U0700,2023-03-12,499,NetBanking,France
T00916,U0201,2023-06-11,499,Card,India
T00917,U0244,2023-08-23,499,PayPal,Spain
T00918,U0688,2023-12-22,499,PayPal,France
T00919,U0292,2023-03-02,499,NetBanking,India
T00920,U0269,2023-03-21,199,UPI,Spain
T00921,U0144,2023-04-07,799,Card,USA
T00922,U0275,2023-05-06,799,NetBanking,South Korea
T00923,U0077,2023-09-07,199,PayPal,USA
T00924,U0628,2023-08-06,799,PayPal,Spain
T00925,U0600,2023-01-18,499,Card,UK
T00926,U0366,2023-12-30,199,PayPal,France
T00927,U0353,2023-07-08,199,NetBanking,UK
T00928,U0153,2023-01-22,499,UPI,South Korea
T00929,U0421,2023-01-21,799,UPI,Spain
T00930,U0258,2023-08-29,499,UPI,France
T00931,U0429,2023-04-10,199,PayPal,UK
T00932,U0370,2023-05-16,799,PayPal,South Korea
T00933,U0402,2023-08-29,799,UPI,Spain
T00934,U0111,2023-03-23,499,Card,India
T00935,U0612,2023-12-06,799,UPI,France
T00936,U0152,2023-11-22,499,NetBanking,USA
T00937,U0750,2023-12-13,199,UPI,France
T00938,U0333,2023-08-03,199,UPI,USA
T00939,U0753,2023-08-13,499,NetBanking,India
T00940,U0158,2023-02-22,199,Card,France
T00941,U0555,2023-03-18,199,Card,South Korea
T00942,U0728,2023-12-02,499,UPI,UK
T00943,U0396,2023-07-06,799,PayPal,USA
T00944,U0430,2023-05-26,499,PayPal,Spain
T00945,U0688,2023-05-08,499,UPI,France
T00946,U0380,2023-05-12,499,PayPal,France
T00947,U0349,2023-06-15,199,PayPal,India
T00948,U0130,2023-01-27,799,NetBanking,South Korea
T00949,U0723,2023-04-19,199,PayPal,Spain
T00950,U0007,2023-08-08,799,NetBanking,USA
T00951,U0499,2023-09-13,199,PayPal,Spain
T00952,U0238,2023-04-21,199,Card,UK
T00953,U0420,2023-09-07,499,Card,South Korea
T00954,U0741,2023-10-23,499,UPI,Spain
T00955,U0695,2023-05-15,199,NetBanking,South Korea
T00956,U0030,2023-01-19,199,Card,India
T00957,U0760,2023-12-22,199,Card,India
T00958,U0580,2023-07-24,799,NetBanking,USA
T00959,U0146,2023-12-05,199,NetBanking,USA
T00960,U0018,2023-10-16,799,Card,Spain
T00961,U0189,2023-12-18,199,Card,Spain
T00962,U0578,2023-02-01,799,NetBanking,Spain
T00963,U0346,2023-07-11,799,UPI,Spain
T00964,U0107,2023-07-25,199,NetBanking,France
T00965,U0039,2023-11-07,199,NetBanking,India
T00966,U0474,2023-11-26,199,UPI,USA
T00967,U0349,2023-02-04,199,UPI,India
T00968,U0040,2023-03-30,199,UPI,France
T00969,U0599,2023-04-17,199,Card,South Korea
T00970,U0317,2023-05-10,199,UPI,France
T00971,U0447,2023-08-23,199,NetBanking,UK
T00972,U0118,2023-03-25,499,NetBanking,USA
T00973,U0746,2023-04-04,199,UPI,France
T00974,U0665,2023-10-10,799,Card,South Korea
T00975,U0244,2023-12-18,499,Card,Spain
T00976,U0753,2023-10-29,499,UPI,India
T00977,U0162,2023-11-02,499,NetBanking,USA
T00978,U0625,2023-11-29,499,Card,India
T00979,U0003,2023-02-27,799,PayPal,France
T00980,U0026,2023-04-25,199,NetBanking,France
T00981,U0164,2023-02-13,199,Card,Spain
T00982,U0044,2023-08-02,799,UPI,South Korea
T00983,U0129,2023-10-14,799,Card,USA
T00984,U0239,2023-09-19,199,NetBanking,Spain
T00985,U0767,2023-08-16,199,PayPal,Spain
T00986,U0465,2023-04-04,499,UPI,South Korea
T00987,U0293,2023-06-11,799,PayPal,France
T00988,U0753,2023-09-09,499,NetBanking,India
T00989,U0561,2023-03-27,199,Card,Spain
T00990,U0410,2023-02-01,499,Card,France
T00991,U0163,2023-03-19,799,UPI,Spain
T00992,U0172,2023-02-10,499,NetBanking,France
T00993,U0567,2023-10-23,799,UPI,India
T00994,U0265,2023-05-30,199,NetBanking,India
T00995,U0430,2023-12-27,499,PayPal,Spain
T00996,U0594,2023-09-15,499,PayPal,India
T00997,U0759,2023-03-12,799,PayPal,UK
T00998,U0419,2023-09-09,499,UPI,USA
T00999,U0427,2023-10-18,199,UPI,India
T01000,U0437,2023-11-28,799,PayPal,USA
T01001,U0160,2023-08-14,499,PayPal,USA
T01002,U0182,2023-06-25,499,PayPal,France
T01003,U0223,2023-08-25,499,NetBanking,South Korea
T01004,U0477,2023-10-09,799,PayPal,India
T01005,U0507,2023-08-29,199,PayPal,India
T01006,U0453,2023-01-08,199,UPI,Spain
T01007,U0716,2023-12-23,799,PayPal,India
T01008,U0326,2023-08-02,799,NetBanking,Spain
T01009,U0470,2023-08-28,199,UPI,UK
T01010,U0089,2023-08-11,199,Card,USA
T01011,U0527,2023-11-11,499,NetBanking,UK
T01012,U0559,2023-03-20,799,PayPal,France
T01013,U0409,2023-03-21,199,UPI,USA
T01014,U0140,2023-11-03,199,Card,South Korea
T01015,U0704,2023-07-25,199,UPI,USA
T01016,U0660,2023-12-29,199,NetBanking,South Korea
T01017,U0123,2023-05-12,499,NetBanking,USA
T01018,U0002,2023-01-14,799,PayPal,USA
T01019,U0505,2023-04-11,799,UPI,USA
T01020,U0529,2023-11-27,199,NetBanking,South Korea
T01021,U0343,2023-01-18,199,NetBanking,India
T01022,U0556,2023-07-23,499,UPI,South Korea
T01023,U0077,2023-04-14,199,NetBanking,USA
T01024,U0313,2023-07-13,799,NetBanking,USA
T01025,U0377,2023-10-23,499,UPI,UK
T01026,U0478,2023-03-15,799,Card,South Korea
T01027,U0179,2023-03-05,799,PayPal,UK
T01028,U0571,2023-03-10,799,PayPal,South Korea
T01029,U0383,2023-05-02,799,PayPal,France
T01030,U0409,2023-02-12,199,UPI,USA
T01031,U0591,2023-02-13,499,UPI,UK
T01032,U0570,2023-11-12,499,PayPal,France
T01033,U0021,2023-10-12,799,NetBanking,UK
T01034,U0720,2023-01-02,799,UPI,South Korea
T01035,U0002,2023-08-30,799,NetBanking,USA
T01036,U0106,2023-09-06,499,PayPal,Spain
T01037,U0041,2023-03-29,799,NetBanking,South Korea
T01038,U0665,2023-08-28,799,UPI,South Korea
T01039,U0483,2023-01-29,199,PayPal,South Korea
T01040,U0292,2023-01-30,499,Card,India
T01041,U0435,2023-04-26,199,PayPal,France
T01042,U0612,2023-08-15,799,NetBanking,France
T01043,U0717,2023-08-20,199,Card,India
T01044,U0301,2023-11-28,799,NetBanking,USA
T01045,U0686,2023-02-12,199,UPI,Spain
T01046,U0069,2023-06-17,799,UPI,India
T01047,U0585,2023-01-18,499,UPI,France
T01048,U0693,2023-01-27,799,NetBanking,USA
T01049,U0109,2023-01-27,499,NetBanking,Spain
T01050,U0755,2023-10-12,199,PayPal,Spain
T01051,U0744,2023-01-15,499,Card,UK
T01052,U0382,2023-01-07,799,UPI,UK
T01053,U0357,2023-03-18,199,PayPal,France
T01054,U0485,2023-10-17,499,Card,India
T01055,U0781,2023-12-18,199,Card,France
T01056,U0700,2023-12-27,499,Card,France
T01057,U0084,2023-01-17,799,UPI,UK
T01058,U0177,2023-12-12,799,NetBanking,India
T01059,U0640,2023-07-06,499,NetBanking,Spain
T01060,U0664,2023-05-18,199,NetBanking,South Korea
T01061,U0710,2023-12-12,199,PayPal,Spain
T01062,U0236,2023-11-24,499,NetBanking,India
T01063,U0610,2023-06-14,199,NetBanking,Spain
T01064,U0261,2023-06-08,799,Card,USA
T01065,U0155,2023-06-27,499,NetBanking,USA
T01066,U0695,2023-12-06,199,PayPal,South Korea
T01067,U0665,2023-12-09,799,Card,South Korea
T01068,U0289,2023-01-29,499,UPI,UK
T01069,U0292,2023-07-27,499,UPI,India
T01070,U0798,2023-06-28,499,Card,France
T01071,U0299,2023-08-14,499,UPI,France
T01072,U0376,2023-12-15,799,UPI,South Korea
T01073,U0245,2023-04-07,499,NetBanking,India
T01074,U0786,2023-11-10,499,Card,USA
T01075,U0434,2023-08-16,199,NetBanking,Spain
T01076,U0790,2023-10-21,199,NetBanking,Spain
T01077,U0547,2023-07-14,799,UPI,USA
T01078,U0386,2023-12-13,499,UPI,Spain
T01079,U0328,2023-09-29,199,PayPal,India
T01080,U0786,2023-09-12,499,UPI,USA
T01081,U0309,2023-08-23,799,UPI,UK
T01082,U0534,2023-07-05,199,PayPal,USA
T01083,U0741,2023-11-12,499,NetBanking,Spain
T01084,U0522,2023-09-22,499,UPI,France
T01085,U0280,2023-05-21,799,UPI,South Korea
T01086,U0060,2023-09-21,499,Card,Spain
T01087,U0516,2023-06-22,499,NetBanking,France
T01088,U0291,2023-03-29,799,UPI,France
T01089,U0365,2023-12-12,799,NetBanking,UK
T01090,U0272,2023-05-11,199,PayPal,UK
T01091,U0579,2023-01-14,799,NetBanking,France
T01092,U0188,2023-04-18,499,PayPal,Spain
T01093,U0784,2023-07-11,799,Card,Spain
T01094,U0149,2023-06-12,499,NetBanking,Spain
T01095,U0112,2023-10-30,799,UPI,France
T01096,U0093,2023-03-01,199,UPI,India
T01097,U0531,2023-12-25,199,PayPal,Spain
T01098,U0073,2023-12-21,499,PayPal,France
T01099,U0694,2023-07-30,799,NetBanking,Spain
T01100,U0625,2023-09-19,499,PayPal,India
T01101,U0228,2023-11-02,199,Card,USA
T01102,U0249,2023-02-09,499,PayPal,UK
T01103,U0422,2023-10-23,499,UPI,India
T01104,U0682,2023-09-14,799,Card,Spain
T01105,U0675,2023-01-27,199,NetBanking,South Korea
T01106,U0204,2023-12-22,499,PayPal,South Korea
T01107,U0545,2023-12-21,499,UPI,Spain
T01108,U0160,2023-01-21,499,Card,USA
T01109,U0429,2023-12-03,199,PayPal,UK
T01110,U0355,2023-03-21,499,NetBanking,USA
T01111,U0138,2023-12-06,799,UPI,UK
T01112,U0340,2023-06-21,799,PayPal,UK
T01113,U0168,2023-10-07,799,NetBanking,UK
T01114,U0105,2023-10-08,199,Card,UK
T01115,U0777,2023-02-02,499,PayPal,UK
T01116,U0700,2023-08-29,499,PayPal,France
T01117,U0747,2023-11-08,799,PayPal,UK
T01118,U0313,2023-08-17,799,NetBanking,USA
T01119,U0302,2023-01-03,199,Card,India
T01120,U0254,2023-10-26,499,NetBanking,UK
T01121,U0494,2023-02-23,499,PayPal,UK
T01122,U0486,2023-12-16,799,Card,France
T01123,U0269,2023-02-11,199,NetBanking,Spain
T01124,U0470,2023-02-10,199,Card,UK
T01125,U0345,2023-09-13,199,UPI,Spain
T01126,U0353,2023-05-19,199,Card,UK
T01127,U0186,2023-11-15,199,NetBanking,USA
T01128,U0439,2023-08-17,199,NetBanking,India
T01129,U0555,2023-10-29,199,NetBanking,South Korea
T01130,U0339,2023-08-29,199,PayPal,France
T01131,U0338,2023-05-23,499,PayPal,South Korea
T01132,U0777,2023-08-20,499,PayPal,UK
T01133,U0242,2023-02-05,199,PayPal,Spain
T01134,U0119,2023-01-03,499,Card,Spain
T01135,U0709,2023-10-25,799,Card,South Korea
T01136,U0004,2023-08-01,499,PayPal,South Korea
T01137,U0446,2023-11-05,499,Card,India
T01138,U0465,2023-12-23,499,PayPal,South Korea
T01139,U0066,2023-12-06,199,Card,South Korea
T01140,U0386,2023-05-09,499,Card,Spain
T01141,U0618,2023-09-22,199,UPI,India
T01142,U0157,2023-02-26,799,PayPal,UK
T01143,U0294,2023-09-28,499,PayPal,India
T01144,U0619,2023-09-03,199,Card,France
T01145,U0737,2023-08-05,499,PayPal,Spain
T01146,U0122,2023-07-28,499,UPI,South Korea
T01147,U0420,2023-07-04,499,NetBanking,South Korea
T01148,U0723,2023-03-11,199,Card,Spain
T01149,U0246,2023-12-26,799,UPI,Spain
T01150,U0029,2023-08-27,499,NetBanking,Spain
T01151,U0629,2023-06-21,499,PayPal,India
T01152,U0031,2023-09-23,499,PayPal,South Korea
T01153,U0105,2023-04-29,199,NetBanking,UK
T01154,U0135,2023-01-18,199,Card,France
T01155,U0651,2023-08-19,199,PayPal,UK
T01156,U0255,2023-05-04,799,UPI,India
T01157,U0451,2023-04-20,499,Card,Spain
T01158,U0733,2023-11-30,199,NetBanking,USA
T01159,U0550,2023-02-04,199,NetBanking,UK
T01160,U0665,2023-11-22,799,Card,South Korea
T01161,U0306,2023-05-26,199,NetBanking,India
T01162,U0429,2023-06-30,199,Card,UK
T01163,U0108,2023-02-02,199,Card,Spain
T01164,U0079,2023-11-17,499,Card,South Korea
T01165,U0716,2023-10-06,799,UPI,India
T01166,U0558,2023-09-09,499,Card,South Korea
T01167,U0500,2023-10-13,199,UPI,UK
T01168,U0427,2023-07-22,199,UPI,India
T01169,U0714,2023-06-13,799,PayPal,South Korea
T01170,U0638,2023-06-27,199,PayPal,India
T01171,U0411,2023-09-20,499,NetBanking,France
T01172,U0363,2023-04-29,499,NetBanking,South Korea
T01173,U0726,2023-06-16,499,PayPal,India
T01174,U0536,2023-02-10,199,UPI,UK
T01175,U0644,2023-03-26,499,Card,Spain
T01176,U0143,2023-06-23,799,UPI,USA
T01177,U0679,2023-03-29,799,NetBanking,USA
T01178,U0599,2023-08-10,199,UPI,South Korea
T01179,U0629,2023-06-11,499,PayPal,India
T01180,U0604,2023-07-19,799,PayPal,UK
T01181,U0550,2023-03-31,199,Card,UK
T01182,U0546,2023-12-21,199,PayPal,France
T01183,U0037,2023-08-18,499,PayPal,USA
T01184,U0046,2023-03-20,499,Card,USA
T01185,U0686,2023-02-10,199,Card,Spain
T01186,U0172,2023-12-12,499,NetBanking,France
T01187,U0752,2023-02-16,499,Card,USA
T01188,U0764,2023-04-18,499,Card,UK
T01189,U0213,2023-01-09,199,NetBanking,France
T01190,U0536,2023-07-15,199,NetBanking,UK
T01191,U0130,2023-05-31,799,NetBanking,South Korea
T01192,U0559,2023-09-04,799,NetBanking,France
T01193,U0438,2023-03-11,499,PayPal,France
T01194,U0483,2023-04-06,199,Card,South Korea
T01195,U0474,2023-09-28,199,NetBanking,USA
T01196,U0740,2023-01-15,199,Card,South Korea
T01197,U0007,2023-03-18,799,NetBanking,USA
T01198,U0575,2023-08-18,499,Card,France
T01199,U0449,2023-05-18,499,UPI,UK
T01200,U0417,2023-01-04,799,Card,USA
T01201,U0550,2023-12-07,199,Card,UK
T01202,U0273,2023-04-24,199,PayPal,UK
T01203,U0722,2023-11-22,799,PayPal,UK
T01204,U0249,2023-09-03,499,PayPal,UK
T01205,U0178,2023-08-06,499,Card,Spain
T01206,U0133,2023-11-29,799,NetBanking,India
T01207,U0660,2023-09-13,199,UPI,South Korea
T01208,U0261,2023-01-29,799,PayPal,USA
T01209,U0348,2023-04-20,199,PayPal,South Korea
T01210,U0599,2023-12-28,199,NetBanking,South Korea
T01211,U0063,2023-04-22,799,Card,France
T01212,U0226,2023-08-25,199,Card,UK
T01213,U0564,2023-03-29,499,PayPal,India
T01214,U0024,2023-08-18,499,PayPal,France
T01215,U0168,2023-12-30,799,PayPal,UK
T01216,U0782,2023-01-22,199,Card,Spain
T01217,U0351,2023-06-19,799,PayPal,Spain
T01218,U0421,2023-05-29,799,Card,Spain
T01219,U0461,2023-10-24,199,NetBanking,USA
T01220,U0040,2023-11-29,199,PayPal,France
T01221,U0107,2023-02-23,199,NetBanking,France
T01222,U0572,2023-09-02,499,UPI,UK
T01223,U0598,2023-07-04,499,NetBanking,India
T01224,U0293,2023-11-23,799,NetBanking,France
T01225,U0472,2023-11-27,499,Card,UK
T01226,U0401,2023-09-28,199,PayPal,Spain
T01227,U0624,2023-07-14,799,UPI,France
T01228,U0286,2023-06-02,799,PayPal,Spain
T01229,U0442,2023-12-10,799,NetBanking,USA
T01230,U0213,2023-04-27,199,Card,France
T01231,U0183,2023-12-31,199,UPI,Spain
T01232,U0167,2023-12-20,799,PayPal,France
T01233,U0617,2023-10-06,199,PayPal,Spain
T01234,U0548,2023-06-30,499,NetBanking,France
T01235,U0449,2023-12-20,499,UPI,UK
T01236,U0676,2023-01-06,499,NetBanking,UK
T01237,U0245,2023-03-24,499,PayPal,India
T01238,U0597,2023-06-10,799,PayPal,India
T01239,U0432,2023-03-23,799,PayPal,South Korea
T01240,U0500,2023-01-17,199,NetBanking,UK
T01241,U0652,2023-01-13,799,PayPal,USA
T01242,U0061,2023-04-16,199,UPI,USA
T01243,U0736,2023-03-07,799,UPI,India
T01244,U0251,2023-04-26,799,UPI,Spain
T01245,U0121,2023-12-22,199,Card,UK
T01246,U0511,2023-09-16,799,UPI,UK
T01247,U0148,2023-07-12,799,Card,Spain
T01248,U0365,2023-05-07,799,NetBanking,UK
T01249,U0640,2023-10-09,499,UPI,Spain
T01250,U0562,2023-06-14,499,UPI,USA
T01251,U0554,2023-01-20,799,UPI,UK
T01252,U0375,2023-03-01,799,Card,France
T01253,U0469,2023-04-16,499,PayPal,Spain
T01254,U0334,2023-04-12,199,NetBanking,India
T01255,U0022,2023-08-23,499,Card,France
T01256,U0672,2023-11-22,199,NetBanking,South Korea
T01257,U0170,2023-09-09,199,NetBanking,USA
T01258,U0327,2023-02-06,499,NetBanking,South Korea
T01259,U0623,2023-07-07,799,NetBanking,South Korea
T01260,U0636,2023-12-04,199,PayPal,France
T01261,U0714,2023-08-25,799,PayPal,South Korea
T01262,U0507,2023-06-30,199,PayPal,India
T01263,U0352,2023-10-18,499,PayPal,Spain
T01264,U0027,2023-07-08,499,PayPal,India
T01265,U0665,2023-06-15,799,Card,South Korea
T01266,U0645,2023-12-19,499,NetBanking,India
T01267,U0577,2023-03-10,799,UPI,UK
T01268,U0118,2023-08-15,499,PayPal,USA
T01269,U0374,2023-09-21,199,PayPal,UK
T01270,U0573,2023-02-08,499,Card,USA
T01271,U0354,2023-11-16,799,Card,USA
T01272,U0321,2023-12-20,499,Card,UK
T01273,U0376,2023-12-06,799,Card,South Korea
T01274,U0465,2023-02-01,499,Card,South Korea
T01275,U0404,2023-02-08,499,PayPal,France
T01276,U0069,2023-02-19,799,Card,India
T01277,U0307,2023-02-17,499,PayPal,Spain
T01278,U0303,2023-09-09,799,PayPal,India
T01279,U0153,2023-06-13,499,UPI,South Korea
T01280,U0042,2023-04-15,499,Card,South Korea
T01281,U0646,2023-08-31,799,NetBanking,France
T01282,U0269,2023-11-15,199,NetBanking,Spain
T01283,U0027,2023-04-14,499,Card,India
T01284,U0059,2023-06-03,199,Card,USA
T01285,U0700,2023-07-05,499,Card,France
T01286,U0741,2023-03-30,499,UPI,Spain
T01287,U0756,2023-03-28,799,PayPal,USA
T01288,U0010,2023-05-27,499,Card,USA
T01289,U0206,2023-10-26,799,NetBanking,South Korea
T01290,U0297,2023-04-30,199,UPI,South Korea
T01291,U0257,2023-10-22,499,UPI,USA
T01292,U0734,2023-04-01,499,UPI,France
T01293,U0040,2023-10-10,199,PayPal,France
T01294,U0169,2023-12-04,499,PayPal,Spain
T01295,U0586,2023-09-02,199,PayPal,South Korea
T01296,U0582,2023-10-26,499,UPI,South Korea
T01297,U0028,2023-12-29,799,PayPal,India
T01298,U0623,2023-09-02,799,PayPal,South Korea
T01299,U0140,2023-02-15,199,Card,South Korea
T01300,U0333,2023-03-20,199,PayPal,USA
T01301,U0009,2023-07-28,799,UPI,UK
T01302,U0609,2023-10-11,199,UPI,South Korea
T01303,U0209,2023-02-28,199,PayPal,Spain
T01304,U0269,2023-04-30,199,PayPal,Spain
T01305,U0071,2023-08-31,199,Card,USA
T01306,U0616,2023-04-20,799,NetBanking,Spain
T01307,U0181,2023-12-21,799,NetBanking,UK
T01308,U0560,2023-08-07,199,NetBanking,South Korea
T01309,U0191,2023-02-14,499,NetBanking,UK
T01310,U0298,2023-05-03,799,Card,Spain
T01311,U0787,2023-03-01,199,UPI,USA
T01312,U0027,2023-03-19,499,Card,India
T01313,U0089,2023-11-14,199,Card,USA
T01314,U0086,2023-09-15,799,Card,France
T01315,U0095,2023-01-21,499,PayPal,Spain
T01316,U0313,2023-10-31,799,UPI,USA
T01317,U0633,2023-03-25,799,UPI,UK
T01318,U0559,2023-10-12,799,UPI,France
T01319,U0389,2023-10-24,499,NetBanking,Spain
T01320,U0370,2023-06-04,799,Card,South Korea
T01321,U0120,2023-04-07,499,UPI,South Korea
T01322,U0590,2023-12-13,499,UPI,France
T01323,U0158,2023-09-20,199,UPI,France
T01324,U0223,2023-12-10,499,Card,South Korea
T01325,U0402,2023-06-14,799,Card,Spain
T01326,U0453,2023-02-18,199,Card,Spain
T01327,U0779,2023-04-30,799,NetBanking,India
T01328,U0409,2023-11-17,199,NetBanking,USA
T01329,U0308,2023-01-28,199,UPI,USA
T01330,U0088,2023-09-05,199,UPI,South Korea
T01331,U0223,2023-12-02,499,UPI,South Korea
T01332,U0118,2023-11-13,499,NetBanking,USA
T01333,U0037,2023-05-29,499,PayPal,USA
T01334,U0115,2023-01-16,199,Card,India
T01335,U0163,2023-04-16,799,UPI,Spain
T01336,U0279,2023-05-08,199,PayPal,India
T01337,U0377,2023-10-31,499,NetBanking,UK
T01338,U0505,2023-01-15,799,UPI,USA
T01339,U0532,2023-05-12,199,NetBanking,France
T01340,U0354,2023-07-20,799,UPI,USA
T01341,U0465,2023-09-11,499,PayPal,South Korea
T01342,U0158,2023-12-27,199,PayPal,France
T01343,U0669,2023-12-29,199,NetBanking,Spain
T01344,U0232,2023-03-19,799,UPI,Spain
T01345,U0775,2023-07-13,199,Card,USA
T01346,U0404,2023-03-02,499,UPI,France
T01347,U0679,2023-04-11,799,NetBanking,USA
T01348,U0516,2023-11-25,499,UPI,France
T01349,U0668,2023-02-17,199,UPI,UK
T01350,U0790,2023-06-11,199,NetBanking,Spain
T01351,U0193,2023-01-16,799,NetBanking,South Korea
T01352,U0062,2023-04-16,499,NetBanking,India
T01353,U0473,2023-07-24,799,UPI,France
T01354,U0354,2023-01-07,799,PayPal,USA
T01355,U0612,2023-07-26,799,NetBanking,France
T01356,U0703,2023-07-23,799,Card,India
T01357,U0785,2023-03-12,799,Card,France
T01358,U0707,2023-04-22,799,NetBanking,Spain
T01359,U0030,2023-01-31,199,NetBanking,India
T01360,U0761,2023-02-25,499,PayPal,UK
T01361,U0010,2023-09-25,499,UPI,USA
T01362,U0508,2023-10-24,799,UPI,USA
T01363,U0672,2023-05-21,199,UPI,South Korea
T01364,U0431,2023-10-14,799,Card,France
T01365,U0187,2023-05-08,199,Card,South Korea
T01366,U0221,2023-06-02,499,UPI,France
T01367,U0346,2023-07-27,799,NetBanking,Spain
T01368,U0293,2023-05-31,799,Card,France
T01369,U0667,2023-11-16,499,Card,South Korea
T01370,U0480,2023-05-05,499,PayPal,France
T01371,U0750,2023-11-04,199,UPI,France
T01372,U0505,2023-10-23,799,Card,USA
T01373,U0538,2023-03-14,199,PayPal,France
T01374,U0710,2023-10-05,199,Card,Spain
T01375,U0383,2023-12-18,799,PayPal,France
T01376,U0365,2023-05-21,799,PayPal,UK
T01377,U0217,2023-02-27,199,UPI,Spain
T01378,U0431,2023-10-22,799,UPI,France
T01379,U0319,2023-04-20,799,Card,South Korea
T01380,U0439,2023-05-01,199,NetBanking,India
T01381,U0575,2023-10-05,499,Card,France
T01382,U0728,2023-10-08,499,NetBanking,UK
T01383,U0406,2023-04-11,799,Card,UK
T01384,U0247,2023-03-16,499,UPI,France
T01385,U0265,2023-01-17,199,Card,India
T01386,U0262,2023-07-30,799,NetBanking,UK
T01387,U0532,2023-07-06,199,PayPal,France
T01388,U0432,2023-07-31,799,PayPal,South Korea
T01389,U0442,2023-09-22,799,NetBanking,USA
T01390,U0273,2023-12-31,199,UPI,UK
T01391,U0237,2023-07-21,199,NetBanking,South Korea
T01392,U0134,2023-02-15,799,UPI,USA
T01393,U0234,2023-07-24,199,UPI,India
T01394,U0341,2023-08-23,799,PayPal,India
T01395,U0589,2023-03-28,199,NetBanking,South Korea
T01396,U0410,2023-09-04,499,UPI,France
T01397,U0267,2023-03-04,799,PayPal,South Korea
T01398,U0310,2023-09-20,199,UPI,UK
T01399,U0106,2023-09-20,499,UPI,Spain
T01400,U0260,2023-05-18,199,UPI,France
T01401,U0450,2023-07-09,499,Card,India
T01402,U0116,2023-10-06,199,PayPal,France
T01403,U0220,2023-12-31,199,NetBanking,South Korea
T01404,U0075,2023-02-05,199,NetBanking,USA
T01405,U0391,2023-10-03,199,UPI,France
T01406,U0315,2023-02-22,799,NetBanking,India
T01407,U0204,2023-01-16,499,NetBanking,South Korea
T01408,U0092,2023-02-08,799,Card,France
T01409,U0767,2023-07-24,199,UPI,Spain
T01410,U0350,2023-06-20,199,PayPal,South Korea
T01411,U0646,2023-12-30,799,PayPal,France
T01412,U0360,2023-07-14,799,PayPal,Spain
T01413,U0760,2023-03-31,199,NetBanking,India
T01414,U0253,2023-09-14,199,NetBanking,India
T01415,U0772,2023-09-17,499,PayPal,USA
T01416,U0512,2023-04-29,499,NetBanking,India
T01417,U0274,2023-02-15,799,UPI,India
T01418,U0298,2023-04-12,799,PayPal,Spain
T01419,U0703,2023-11-20,799,PayPal,India
T01420,U0347,2023-05-24,799,PayPal,India
T01421,U0421,2023-12-12,799,NetBanking,Spain
T01422,U0010,2023-01-15,499,Card,USA
T01423,U0089,2023-01-04,199,UPI,USA
T01424,U0424,2023-11-04,799,Card,Spain
T01425,U0509,2023-03-19,499,Card,South Korea
T01426,U0536,2023-04-23,199,NetBanking,UK
T01427,U0483,2023-10-28,199,PayPal,South Korea
T01428,U0129,2023-12-18,799,UPI,USA
T01429,U0745,2023-11-30,799,NetBanking,South Korea
T01430,U0400,2023-04-17,799,Card,South Korea
T01431,U0377,2023-10-01,499,UPI,UK
T01432,U0333,2023-10-25,199,NetBanking,USA
T01433,U0600,2023-01-11,499,Card,UK
T01434,U0031,2023-05-13,499,UPI,South Korea
T01435,U0700,2023-07-28,499,PayPal,France
T01436,U0557,2023-01-17,799,UPI,USA
T01437,U0194,2023-02-05,799,NetBanking,India
T01438,U0266,2023-12-21,199,UPI,USA
T01439,U0282,2023-05-04,799,PayPal,Spain
T01440,U0279,2023-10-15,199,Card,India
T01441,U0475,2023-08-31,199,UPI,USA
T01442,U0708,2023-01-08,199,NetBanking,South Korea
T01443,U0499,2023-03-30,199,PayPal,Spain
T01444,U0677,2023-12-31,199,PayPal,USA
T01445,U0128,2023-12-30,799,PayPal,USA
T01446,U0609,2023-04-03,199,PayPal,South Korea
T01447,U0292,2023-05-11,499,NetBanking,India
T01448,U0590,2023-08-08,499,PayPal,France
T01449,U0142,2023-05-31,199,UPI,India
T01450,U0488,2023-12-23,499,PayPal,France
T01451,U0134,2023-08-11,799,NetBanking,USA
T01452,U0173,2023-06-25,799,UPI,Spain
T01453,U0115,2023-01-07,199,NetBanking,India
T01454,U0664,2023-02-04,199,NetBanking,South Korea
T01455,U0278,2023-04-15,199,PayPal,Spain
T01456,U0594,2023-08-25,499,PayPal,India
T01457,U0770,2023-12-23,799,PayPal,South Korea
T01458,U0189,2023-10-27,199,Card,Spain
T01459,U0691,2023-06-10,199,UPI,South Korea
T01460,U0729,2023-07-29,499,Card,France
T01461,U0234,2023-10-10,199,Card,India
T01462,U0286,2023-08-05,799,NetBanking,Spain
T01463,U0704,2023-02-16,199,UPI,USA
T01464,U0093,2023-01-28,199,NetBanking,India
T01465,U0477,2023-01-07,799,UPI,India
T01466,U0700,2023-03-06,499,PayPal,France
T01467,U0672,2023-11-22,199,PayPal,South Korea
T01468,U0415,2023-08-18,499,UPI,UK
T01469,U0042,2023-05-03,499,PayPal,South Korea
T01470,U0309,2023-10-17,799,PayPal,UK
T01471,U0716,2023-02-16,799,PayPal,India
T01472,U0641,2023-03-30,499,Card,UK
T01473,U0731,2023-06-10,499,PayPal,South Korea
T01474,U0555,2023-03-18,199,Card,South Korea
T01475,U0219,2023-11-24,799,NetBanking,France
T01476,U0691,2023-03-28,199,NetBanking,South Korea
T01477,U0368,2024-01-01,799,NetBanking,UK
T01478,U0504,2023-12-04,499,UPI,USA
T01479,U0214,2023-12-04,199,UPI,Spain
T01480,U0425,2023-03-12,199,PayPal,USA
T01481,U0281,2023-07-13,199,NetBanking,Spain
T01482,U0484,2023-12-31,799,UPI,South Korea
T01483,U0350,2023-02-12,199,Card,South Korea
T01484,U0538,2023-02-03,199,NetBanking,France
T01485,U0692,2023-01-20,799,PayPal,India
T01486,U0739,2023-02-07,199,UPI,South Korea
T01487,U0746,2023-09-07,199,UPI,France
T01488,U0427,2023-03-01,199,UPI,India
T01489,U0308,2023-02-08,199,NetBanking,USA
T01490,U0261,2023-05-12,799,NetBanking,USA
T01491,U0666,2023-12-31,499,UPI,UK
T01492,U0597,2023-02-22,799,Card,India
T01493,U0777,2023-01-31,499,NetBanking,UK
T01494,U0311,2023-07-05,499,Card,Spain
T01495,U0502,2023-06-04,199,Card,Spain
T01496,U0529,2023-12-10,199,PayPal,South Korea
T01497,U0190,2023-12-30,499,Card,France
T01498,U0739,2023-09-12,199,NetBanking,South Korea
T01499,U0573,2023-05-30,499,NetBanking,USA
T01500,U0005,2023-08-23,799,UPI,South Korea
